id,y_pred
0,0.99179864
1,0.042225868
2,0.99999654
3,0.11883139
4,0.99975556
5,0.99821895
6,0.2596346
7,0.044708416
8,0.037194233
9,0.99560463
10,0.19897243
11,0.99454415
12,0.99985075
13,0.020995125
14,0.9865659
15,0.41390064
16,0.97255987
17,0.9995919
18,0.74738204
19,0.46173918
20,0.92514104
21,0.3798542
22,0.59005934
23,0.836597
24,0.59936124
25,0.13363595
26,0.9720634
27,0.22020608
28,0.01558138
29,0.09743144
30,0.99719304
31,0.7230463
32,0.58622295
33,0.013890997
34,0.6496421
35,0.8499498
36,0.4550642
37,0.2476336
38,0.39630452
39,0.3261837
40,0.6056793
41,0.9048664
42,0.22417383
43,0.99998975
44,0.72091603
45,0.99619234
46,0.21214108
47,0.882951
48,0.04385824
49,0.0036205482
50,0.02917254
51,0.9587576
52,0.47938552
53,0.31297526
54,0.40308356
55,0.49878648
56,0.9997807
57,0.5320385
58,0.8849449
59,0.99852777
60,0.9995901
61,0.99192727
62,0.04492041
63,0.99911565
64,0.6857596
65,0.9853152
66,0.9046791
67,0.06624046
68,0.6554936
69,0.95639354
70,0.50836694
71,0.44617817
72,0.3034406
73,0.9999137
74,0.9999999
75,0.9980558
76,0.45208457
77,0.99968195
78,0.29652947
79,0.9894336
80,0.19340223
81,0.11365431
82,0.676079
83,0.9834616
84,0.59863615
85,0.5043817
86,0.070249826
87,0.088340566
88,0.9149165
89,0.9999553
90,0.9983558
91,0.17811695
92,0.9436875
93,0.43512678
94,0.99923027
95,0.9993544
96,0.77086747
97,0.43053952
98,0.8226012
99,0.0001495016
100,0.6996221
101,0.92310524
102,0.5576292
103,0.8753387
104,0.18713173
105,0.72059274
106,0.004170456
107,0.9583895
108,0.8596636
109,0.6198426
110,0.9980033
111,0.9577809
112,1.0
113,0.0490491
114,0.9936126
115,0.38313907
116,0.5589397
117,0.20089437
118,0.23010185
119,0.9989183
120,0.99790823
121,0.4981149
122,0.151766
123,0.99486583
124,0.28713045
125,0.97921276
126,0.08742796
127,0.9992625
128,0.36841977
129,0.99318117
130,0.9999136
131,0.87113404
132,0.014510383
133,0.94907576
134,0.7167141
135,0.997147
136,0.996976
137,0.9322789
138,0.99668425
139,0.11725596
140,0.99990904
141,0.9528727
142,0.080025114
143,0.72911733
144,0.97413945
145,0.77893746
146,0.66808784
147,0.99675494
148,0.12065909
149,0.9749317
150,0.99999774
151,0.9816089
152,0.9133061
153,0.9923464
154,0.14228016
155,0.49923727
156,0.0013023429
157,0.99999905
158,0.999577
159,0.95909023
160,0.0036611857
161,0.94080186
162,0.9994522
163,0.94829637
164,0.006126087
165,0.997829
166,0.99963593
167,0.5832199
168,0.31757957
169,0.9215801
170,0.9649312
171,0.999585
172,0.08395716
173,0.5417243
174,0.4029102
175,0.9493236
176,0.9855048
177,0.28635162
178,0.5584865
179,0.36189815
180,0.16014619
181,0.046329454
182,0.1320398
183,0.99992657
184,0.32518533
185,0.97917217
186,0.49284416
187,0.28632417
188,0.13291387
189,0.96624523
190,0.49448088
191,0.08741893
192,0.073327795
193,0.11251911
194,0.5450225
195,0.758005
196,0.027462807
197,0.24330457
198,0.98816013
199,0.8836992
200,0.9979317
201,0.17904225
202,0.61981773
203,0.9976986
204,0.4929609
205,0.79214495
206,0.51143646
207,0.9972446
208,0.42909947
209,0.053557787
210,0.19585456
211,0.11862479
212,0.2063797
213,0.95565414
214,0.122721605
215,0.9999124
216,0.02688051
217,0.48401627
218,0.68498087
219,0.147985
220,0.9996141
221,0.88230014
222,0.94776595
223,0.543757
224,0.9931577
225,0.50946295
226,0.99995375
227,0.72332734
228,0.26420337
229,0.016580228
230,0.65381545
231,0.13955706
232,0.0702903
233,0.5607097
234,0.7773809
235,0.9999987
236,0.9912765
237,0.99774325
238,0.99885523
239,0.013991589
240,0.99112755
241,0.9327357
242,0.9892179
243,0.0165951
244,0.11687421
245,0.13594207
246,0.49253073
247,0.5505259
248,0.0161604
249,0.9996344
250,1.0
251,0.9956989
252,0.9997069
253,0.98952043
254,0.99327844
255,0.026815196
256,0.31200942
257,0.050913967
258,0.9999982
259,0.9908021
260,0.41775998
261,0.0048405053
262,0.9994629
263,0.5872306
264,0.39934206
265,0.022376087
266,0.3535419
267,0.84467787
268,0.70145315
269,0.055932168
270,0.2348299
271,0.9857497
272,0.98977834
273,0.9931125
274,0.59999996
275,0.17666352
276,0.83097816
277,0.9269548
278,0.96128374
279,0.54027474
280,0.97819257
281,0.14365178
282,0.5525847
283,0.02477724
284,0.8099163
285,0.93010986
286,0.47934762
287,0.24317433
288,0.9997627
289,0.05402677
290,0.28158915
291,0.9570421
292,0.87972474
293,0.94782025
294,0.0043021385
295,0.02099895
296,0.45905513
297,0.99955064
298,0.99661416
299,0.94038033
300,0.99681336
301,0.9502234
302,0.8459205
303,0.988896
304,0.26084793
305,0.051575378
306,0.9762438
307,0.9903757
308,0.08772406
309,0.94914776
310,0.5011687
311,0.62844115
312,0.3856033
313,0.7985243
314,0.9966312
315,0.34565207
316,0.9992243
317,0.67064816
318,0.03044742
319,0.83841914
320,0.9887871
321,0.99999297
322,0.14396206
323,0.09727704
324,0.069015376
325,0.34133956
326,0.931849
327,0.6289393
328,0.4280572
329,0.58998317
330,0.8114469
331,0.04561178
332,0.00071958953
333,0.0142091755
334,0.6774545
335,0.15731086
336,0.9214082
337,0.9117578
338,0.7652795
339,0.25896022
340,0.14075513
341,0.98565835
342,0.9896534
343,0.99417853
344,0.9879066
345,0.27144784
346,0.12179848
347,0.8343205
348,0.96793896
349,0.8874609
350,0.9974159
351,0.41445678
352,0.121135734
353,0.9999958
354,0.19454464
355,0.019745369
356,0.00093340763
357,0.043906298
358,0.6714167
359,0.09202953
360,0.9442412
361,0.9878484
362,0.9999975
363,0.9895695
364,0.944542
365,0.9999926
366,0.0041876235
367,8.6483975e-05
368,0.70697874
369,0.5716119
370,0.08457512
371,0.14789464
372,0.6565757
373,0.99997294
374,0.4751977
375,0.8202168
376,0.89901286
377,0.991462
378,0.399814
379,0.06426437
380,0.672316
381,0.926685
382,0.9999969
383,0.061244033
384,0.43288267
385,0.82435584
386,0.0067186602
387,0.7282071
388,0.99515164
389,0.1065885
390,0.06812765
391,0.1441451
392,0.9997873
393,0.12182276
394,0.99980634
395,0.24574864
396,0.8642135
397,0.9814244
398,0.7762032
399,0.20732163
400,0.95090777
401,0.9999981
402,0.7722271
403,0.013263524
404,0.021361578
405,0.9971986
406,0.03714892
407,0.9561387
408,0.94594413
409,0.9976184
410,0.94952315
411,0.99946135
412,0.717186
413,0.06400957
414,0.9205742
415,0.6686998
416,0.826277
417,0.747318
418,0.00357102
419,0.10481517
420,0.68989074
421,0.7768979
422,0.9999796
423,0.2770969
424,0.113112934
425,0.4625969
426,0.9998534
427,0.77559346
428,0.98143184
429,0.9852153
430,0.07694276
431,0.069245435
432,0.9981976
433,0.9524279
434,0.861869
435,0.023250835
436,0.98508644
437,0.9846245
438,0.14395402
439,0.063648745
440,0.031920023
441,0.8143477
442,0.9679148
443,0.39273193
444,0.9952981
445,0.055754744
446,0.35107034
447,0.9385245
448,0.99349385
449,0.43256444
450,0.0018264081
451,0.032061145
452,0.9998635
453,0.68389827
454,0.7837381
455,0.540396
456,0.8930382
457,0.87130624
458,0.9998789
459,0.9774316
460,0.24696225
461,0.98649526
462,0.16161367
463,0.7549879
464,0.9962852
465,0.25085828
466,0.3810815
467,0.6892562
468,0.05162688
469,0.15360461
470,0.16423534
471,0.98259765
472,0.06986358
473,0.4463982
474,0.041612014
475,0.29349923
476,0.31158563
477,1.0
478,0.79584
479,0.9998863
480,0.52942485
481,0.9919906
482,0.30718976
483,0.9554661
484,0.07731077
485,0.7172835
486,0.99085194
487,0.97148997
488,0.008960361
489,0.028747924
490,0.46534264
491,0.99958056
492,0.9786365
493,0.9305963
494,0.102268666
495,0.8672752
496,0.9886254
497,0.34637785
498,0.6719421
499,0.9998598
500,0.76328415
501,0.08783758
502,0.8816523
503,0.99930537
504,0.9785619
505,0.0067810593
506,0.0074511194
507,0.71902645
508,0.100885406
509,0.7510871
510,0.9939102
511,0.84777397
512,0.015046847
513,0.83702046
514,0.97436
515,0.23165673
516,0.70982945
517,0.014516084
518,0.046331696
519,0.71050024
520,0.3218424
521,0.861644
522,0.2885154
523,0.99157846
524,0.38515818
525,0.8320755
526,0.9999993
527,0.13449566
528,0.56988686
529,0.33390856
530,0.51977545
531,0.017164461
532,0.9618709
533,0.68548304
534,0.24083188
535,0.9998399
536,0.03302636
537,0.010681844
538,0.13045943
539,0.99980944
540,0.0036392012
541,0.10843892
542,0.9979296
543,0.9969217
544,0.99997365
545,0.86692005
546,0.36452198
547,0.32661107
548,0.99779665
549,0.49807394
550,0.9998536
551,0.96149343
552,0.8930903
553,0.5751747
554,0.4410587
555,0.06809598
556,0.2780855
557,0.19262637
558,0.9999988
559,0.98340076
560,0.032401856
561,0.010958285
562,0.1346927
563,0.99644536
564,0.99865913
565,0.34625137
566,0.84636235
567,0.16600814
568,0.58215696
569,0.98108965
570,0.7430928
571,0.63360876
572,0.14564073
573,0.2773622
574,0.99225813
575,0.36071372
576,0.42794365
577,0.99994373
578,0.5754618
579,0.0017159341
580,0.68536747
581,0.8944803
582,0.10379994
583,0.29154253
584,0.5006248
585,0.36362675
586,0.010630864
587,1.0
588,0.71242344
589,0.97851676
590,0.5744139
591,0.121538855
592,0.13992351
593,0.9999906
594,0.935184
595,0.071432516
596,0.98839635
597,0.017743377
598,0.98180455
599,0.9975333
600,0.019413203
601,0.8934452
602,0.013105671
603,0.016590128
604,0.0002888798
605,0.9101947
606,0.87197345
607,0.94809425
608,0.9588117
609,0.00032217285
610,0.040437203
611,0.9840614
612,0.9767329
613,0.035917565
614,0.16829379
615,0.73210263
616,0.9999893
617,0.11216007
618,0.89813733
619,0.92016834
620,0.8440789
621,0.8282713
622,0.04269342
623,0.94180775
624,0.08836758
625,0.999629
626,0.6792473
627,0.32145476
628,0.26882163
629,0.52800864
630,0.41412982
631,0.26017076
632,0.03002988
633,0.0017333389
634,0.70079935
635,0.6670001
636,0.56821007
637,0.8310803
638,0.96908903
639,0.25229436
640,0.9987459
641,0.99793005
642,0.9604476
643,0.19507055
644,0.06536838
645,0.99970055
646,0.8140007
647,0.9999186
648,0.010997637
649,0.9565095
650,0.038566694
651,0.025619972
652,0.45057702
653,0.32187814
654,0.5822832
655,0.24168952
656,0.20152634
657,0.47030777
658,0.4428371
659,0.9989768
660,0.100574724
661,0.9944391
662,0.9038188
663,0.78178895
664,0.9875985
665,0.48603454
666,0.9315677
667,0.020422952
668,0.8463412
669,0.052080143
670,0.12886076
671,0.17114718
672,0.99278355
673,0.024469562
674,0.94270283
675,0.5418468
676,0.0155333765
677,0.7380075
678,0.9976451
679,0.8336609
680,0.7919549
681,0.9448354
682,0.24375755
683,0.6811013
684,0.96308964
685,0.8552951
686,0.8363253
687,0.02915453
688,0.9372042
689,0.9747217
690,0.95240325
691,0.999476
692,0.11570472
693,0.08907775
694,0.08360314
695,0.047630247
696,0.2958553
697,0.9995813
698,0.27975288
699,0.79423
700,0.5567754
701,0.077988505
702,0.8814953
703,0.6096729
704,0.8645991
705,0.022319416
706,0.9772389
707,1.0
708,0.9999672
709,0.27189052
710,0.008363914
711,0.65045714
712,0.2418961
713,0.53223944
714,0.06464135
715,0.06818252
716,0.34268174
717,0.9992656
718,0.00047757267
719,0.026191702
720,0.64911693
721,0.9953701
722,0.103646226
723,0.33299857
724,0.87461597
725,0.33715087
726,0.99999356
727,0.9952409
728,0.9999994
729,0.13052672
730,0.00034950607
731,0.6944425
732,0.5542684
733,0.00030344923
734,0.16925436
735,0.937617
736,0.99648273
737,0.52852696
738,0.99982435
739,0.9943263
740,0.96960336
741,0.026413525
742,0.06636841
743,0.98749405
744,0.87443703
745,0.9999764
746,0.8725652
747,0.92375845
748,0.84264976
749,0.9966538
750,0.12647495
751,0.8863884
752,0.0067699403
753,0.9985885
754,0.63648164
755,0.20221071
756,0.9999993
757,0.31722984
758,0.95969075
759,0.19804852
760,0.98761487
761,0.0070191296
762,0.9998952
763,0.8024805
764,0.98568547
765,0.6317975
766,0.9721911
767,0.01092834
768,0.99999774
769,0.99984765
770,0.30711657
771,0.671933
772,0.0764902
773,0.08971511
774,0.97471964
775,1.0
776,0.8063123
777,0.6729968
778,0.12495494
779,0.13581394
780,0.46598864
781,0.99999464
782,0.6022828
783,0.5368714
784,0.99914205
785,0.4006973
786,0.40115744
787,0.45708865
788,0.0496153
789,0.91026556
790,0.10276135
791,0.94940096
792,0.16201185
793,0.054795604
794,0.55686086
795,0.83833474
796,0.95146877
797,0.9999938
798,0.018869
799,0.9999963
800,0.8515904
801,0.91501784
802,0.42886567
803,0.017798888
804,0.97303593
805,0.160071
806,0.049680345
807,0.9999981
808,0.44004387
809,0.97181344
810,0.95976245
811,0.84067583
812,0.46742347
813,0.6288872
814,0.4310621
815,0.80423373
816,0.36629948
817,0.03661408
818,0.007156203
819,0.648169
820,0.74929196
821,0.9999293
822,0.013707426
823,0.9939097
824,0.9975434
825,0.9999924
826,0.97336775
827,0.7840573
828,0.79452294
829,0.70077527
830,0.29432306
831,0.15223032
832,0.5198069
833,0.9665083
834,0.7364714
835,0.9999341
836,0.031458247
837,0.60830295
838,0.77511734
839,0.6505378
840,1.0
841,0.99725026
842,0.7516338
843,0.18636131
844,0.9876028
845,0.13765919
846,0.45756966
847,0.5760688
848,0.05866108
849,0.47674268
850,0.91036755
851,0.7437506
852,0.37174693
853,0.9993024
854,0.71720403
855,0.99702054
856,0.09071629
857,0.25273278
858,0.98661554
859,0.6522321
860,0.995741
861,0.08729235
862,0.2698721
863,0.046317037
864,0.985889
865,0.999984
866,0.10571185
867,0.043749034
868,0.15907863
869,0.7865619
870,0.87592936
871,0.99812084
872,0.9122321
873,0.53965795
874,0.42476422
875,0.99234164
876,0.98425496
877,0.9874501
878,0.12728974
879,0.98483175
880,0.93135107
881,0.83985376
882,0.9349203
883,0.11596761
884,0.80011773
885,0.17842527
886,0.9992774
887,0.07000105
888,0.011891322
889,0.34029558
890,0.54270273
891,0.6192601
892,0.9987833
893,0.13955519
894,0.94317955
895,0.13864106
896,0.92741
897,0.78040636
898,0.9924988
899,0.9334575
900,0.98279953
901,0.757613
902,0.60433286
903,0.9760265
904,0.6437752
905,0.9704206
906,0.82508475
907,0.84180695
908,0.7062652
909,0.25556186
910,0.9588184
911,0.057847645
912,0.19903637
913,0.46170467
914,0.9984994
915,0.72060156
916,0.35662606
917,0.07506715
918,0.13221978
919,0.41810217
920,0.14172786
921,0.9999316
922,0.9517775
923,0.9842717
924,0.0015163783
925,0.005903995
926,0.002487359
927,0.52235955
928,0.02930766
929,0.6100721
930,0.86628145
931,0.404818
932,0.0054810443
933,0.63383025
934,0.7243891
935,0.9999794
936,0.33162346
937,0.606702
938,0.17525716
939,0.94825095
940,0.36255765
941,0.030751284
942,0.8825804
943,0.10283426
944,0.39144725
945,0.7015698
946,0.67595863
947,0.03757522
948,0.74588853
949,0.37661037
950,0.9985896
951,0.32009938
952,0.93015575
953,0.9988549
954,0.27254698
955,0.9902722
956,0.524911
957,0.39730874
958,0.71197844
959,0.663433
960,0.08471139
961,0.9358818
962,0.013216296
963,0.1437049
964,0.9873541
965,0.09230261
966,0.17369439
967,0.06959517
968,0.98997575
969,0.10680483
970,0.9761243
971,0.9673383
972,0.9932373
973,0.8986147
974,0.99727064
975,0.9618459
976,0.99999857
977,0.0005308674
978,0.8509026
979,0.015858462
980,0.5431733
981,0.87316865
982,0.9997781
983,0.80142486
984,0.6859158
985,0.09060074
986,0.17487453
987,0.891207
988,0.79016006
989,0.9999223
990,0.5145187
991,0.48671332
992,0.032535907
993,0.7999112
994,0.008244473
995,1.0
996,0.21385683
997,0.95103467
998,0.7769832
999,0.61966217
1000,0.021668015
1001,0.0028514236
1002,0.9999584
1003,0.55860853
1004,0.99951065
1005,0.99939156
1006,0.9449263
1007,0.98356205
1008,0.072048195
1009,0.5162571
1010,0.96710324
1011,0.36205184
1012,0.81964225
1013,0.99120307
1014,0.97925115
1015,0.9982716
1016,0.16931255
1017,0.8167757
1018,0.52175367
1019,0.9997955
1020,0.9958171
1021,0.97611564
1022,0.0013938076
1023,0.9978575
1024,0.07900832
1025,0.55686355
1026,0.48881894
1027,0.027789
1028,0.16583699
1029,0.054572724
1030,0.99991727
1031,0.9372298
1032,0.02077958
1033,0.08486371
1034,0.9824385
1035,0.014451805
1036,0.5762631
1037,0.9921848
1038,0.96313155
1039,0.3841319
1040,0.99555355
1041,0.98550725
1042,0.6999047
1043,0.7880545
1044,0.76050156
1045,0.9999788
1046,0.016325235
1047,0.9398819
1048,0.883536
1049,0.37707525
1050,0.11317392
1051,0.99479103
1052,0.052528936
1053,0.9338847
1054,0.03730209
1055,0.93478644
1056,0.22239912
1057,0.32093132
1058,0.20451444
1059,0.97854793
1060,0.2573809
1061,0.37747088
1062,0.92054087
1063,0.9107781
1064,0.28917193
1065,0.16052067
1066,0.9936401
1067,0.0034578785
1068,0.9976649
1069,0.7769128
1070,0.16726516
1071,0.82610077
1072,0.2717632
1073,0.997145
1074,0.9997516
1075,0.082605876
1076,0.9999027
1077,0.6984844
1078,0.9987305
1079,0.6362188
1080,0.98738676
1081,0.8898268
1082,0.4072332
1083,0.99629694
1084,0.64726126
1085,0.21231121
1086,0.08520105
1087,0.067430645
1088,0.93397474
1089,0.56303453
1090,0.07168924
1091,0.9599168
1092,0.953745
1093,0.9942674
1094,0.2718776
1095,0.23277113
1096,0.22442865
1097,0.9993967
1098,0.50090003
1099,0.69565207
1100,0.028228257
1101,0.02948829
1102,0.8970383
1103,0.13019052
1104,0.4952561
1105,0.84421295
1106,0.9962453
1107,0.91850674
1108,0.94940025
1109,0.9999995
1110,0.3975303
1111,0.74390507
1112,0.9611932
1113,0.66504073
1114,0.48195285
1115,0.97013265
1116,0.96442467
1117,0.82929015
1118,0.99965453
1119,0.28564432
1120,0.98568916
1121,0.9999628
1122,0.97950464
1123,0.99904615
1124,0.74049735
1125,0.30553424
1126,0.8138148
1127,0.9931704
1128,0.033780012
1129,0.99997437
1130,0.0019779133
1131,0.9998331
1132,0.22615463
1133,0.026992178
1134,0.92362005
1135,0.013492943
1136,0.0077496865
1137,0.11569345
1138,0.5695111
1139,0.69916666
1140,0.3570488
1141,0.9848193
1142,0.9989416
1143,0.4348212
1144,0.9928382
1145,0.40928924
1146,0.13528195
1147,0.7628427
1148,0.99991167
1149,0.98036534
1150,0.023057176
1151,0.5876457
1152,0.95209765
1153,0.8838344
1154,0.015695898
1155,0.9999386
1156,0.089752674
1157,0.038698386
1158,0.6512902
1159,0.0072191358
1160,0.21003984
1161,0.9987766
1162,0.70003504
1163,0.85528606
1164,0.6580237
1165,0.96959764
1166,0.9470063
1167,0.8992291
1168,0.69283396
1169,0.9127206
1170,0.057792563
1171,0.08049155
1172,0.99554163
1173,0.17619571
1174,0.15292016
1175,0.9058978
1176,0.19923481
1177,0.994177
1178,0.1830149
1179,0.995615
1180,0.23655729
1181,0.043638393
1182,0.022510186
1183,0.25892612
1184,0.024650618
1185,0.5661312
1186,0.1430524
1187,0.5881925
1188,0.98426855
1189,0.50502706
1190,0.8929994
1191,0.0008016454
1192,0.08632289
1193,0.6184656
1194,0.8724857
1195,0.093551606
1196,0.47916397
1197,0.90274906
1198,0.9966029
1199,0.38163745
1200,0.9999105
1201,0.25958684
1202,0.96810204
1203,0.39395115
1204,0.9690039
1205,0.98277444
1206,0.30539015
1207,0.9999131
1208,0.06584705
1209,0.6664189
1210,0.04714323
1211,0.0031084984
1212,0.21203263
1213,0.8955554
1214,0.9918984
1215,0.8368016
1216,0.93699133
1217,0.9879082
1218,0.99371415
1219,0.8706853
1220,0.46696895
1221,0.011845589
1222,0.2261526
1223,0.9993912
1224,0.73675877
1225,0.09171638
1226,0.9759554
1227,0.07734434
1228,0.86114264
1229,0.999972
1230,0.9998903
1231,0.564044
1232,0.17616501
1233,0.99982554
1234,0.7672108
1235,0.8603653
1236,0.16437632
1237,0.7788244
1238,0.9948761
1239,0.97423834
1240,0.7713217
1241,0.95383304
1242,0.9999666
1243,0.8523488
1244,0.83905244
1245,0.060729213
1246,0.47971487
1247,0.5485854
1248,0.14150031
1249,0.9999908
1250,0.6093233
1251,0.99997246
1252,0.94375175
1253,0.9589766
1254,0.92103285
1255,0.99999905
1256,0.106905065
1257,0.9995704
1258,0.9981116
1259,0.9960353
1260,0.0073225014
1261,0.55568486
1262,0.996212
1263,0.99974614
1264,0.20719418
1265,0.33110023
1266,0.28892395
1267,0.12739825
1268,0.02865352
1269,0.9957087
1270,0.21191221
1271,0.9409475
1272,0.49568442
1273,0.0009300094
1274,0.8595487
1275,0.035238504
1276,0.99768114
1277,0.16294128
1278,0.9863738
1279,0.9618814
1280,0.048336796
1281,0.99835724
1282,0.018832002
1283,0.7918968
1284,0.9982901
1285,0.804843
1286,0.1773425
1287,0.9936054
1288,0.99499196
1289,0.00022580828
1290,0.58077675
1291,0.85890454
1292,0.07147391
1293,0.12486557
1294,0.010052829
1295,0.09341363
1296,0.9895872
1297,0.058664422
1298,0.95631766
1299,0.28902915
1300,0.0877501
1301,0.9130385
1302,0.021378633
1303,0.09132716
1304,0.10309908
1305,0.19088192
1306,0.63152647
1307,0.9999975
1308,0.9917556
1309,0.6338683
1310,0.040705364
1311,0.6513893
1312,0.01243271
1313,0.99538815
1314,0.8872925
1315,0.93445486
1316,0.14964642
1317,0.0010672066
1318,0.93788505
1319,0.99842834
1320,0.99922085
1321,0.9954972
1322,0.72854173
1323,0.20757806
1324,0.471547
1325,0.050612576
1326,0.29717004
1327,0.21620823
1328,0.99575436
1329,0.10906071
1330,0.6119383
1331,0.81898814
1332,0.94795656
1333,0.7758605
1334,0.4861842
1335,0.9341451
1336,0.185829
1337,0.99985087
1338,0.07012535
1339,0.53588206
1340,0.8026534
1341,0.0048805308
1342,0.02517285
1343,0.52079564
1344,0.6566232
1345,0.7816453
1346,0.99998045
1347,0.29868734
1348,0.3953639
1349,0.91359216
1350,0.9938123
1351,0.0015168951
1352,0.43112755
1353,0.012001898
1354,0.8550811
1355,0.99970514
1356,0.48765635
1357,0.41343525
1358,1.0
1359,0.5229372
1360,0.9638265
1361,0.9137058
1362,0.09385785
1363,0.99987495
1364,0.0451528
1365,0.9610192
1366,0.9999999
1367,0.9311078
1368,0.9942721
1369,0.99899477
1370,0.017147223
1371,0.9187594
1372,0.04924824
1373,0.42235938
1374,0.9999802
1375,0.9922409
1376,1.0
1377,0.9996588
1378,0.14598677
1379,0.12710457
1380,0.8639129
1381,0.6348878
1382,0.791218
1383,0.043401897
1384,0.98406476
1385,0.27256602
1386,0.99988866
1387,0.5783295
1388,0.99168515
1389,0.98110527
1390,0.8960659
1391,0.9694112
1392,0.43470073
1393,0.99165744
1394,0.93958926
1395,0.023982476
1396,0.99173635
1397,0.9201854
1398,0.06270872
1399,0.70781386
1400,0.99678457
1401,0.9994931
1402,0.9848684
1403,0.19146045
1404,0.35859138
1405,1.0
1406,0.9999932
1407,0.6095037
1408,0.99918777
1409,0.013875054
1410,0.97865206
1411,0.023472788
1412,0.7710946
1413,0.0131345475
1414,0.8815052
1415,0.12178173
1416,0.9818189
1417,0.99598926
1418,0.9993332
1419,0.34032503
1420,0.94074404
1421,0.5554691
1422,0.99586606
1423,0.9709182
1424,0.09910076
1425,0.04000967
1426,0.7967913
1427,0.81970304
1428,0.9465649
1429,0.9994054
1430,0.90431327
1431,0.9999995
1432,0.37104568
1433,0.7593782
1434,0.9687722
1435,0.12745392
1436,0.0009635253
1437,0.7276076
1438,0.65102005
1439,0.21989621
1440,0.019358441
1441,0.866484
1442,0.9993881
1443,0.85336244
1444,0.0031516189
1445,0.72629
1446,0.9999995
1447,0.37103257
1448,0.10164419
1449,0.0118861515
1450,0.09561163
1451,0.74939716
1452,0.9594086
1453,0.64696383
1454,0.9949726
1455,0.35885605
1456,0.010426492
1457,0.69313043
1458,0.056133114
1459,0.06132293
1460,0.9787789
1461,0.2891956
1462,0.96009856
1463,0.5057643
1464,0.09927726
1465,0.9994407
1466,0.0019331789
1467,0.9954005
1468,0.99762243
1469,0.96972185
1470,0.71177375
1471,0.9983165
1472,0.9942121
1473,0.118318826
1474,0.37573954
1475,0.144417
1476,0.99944717
1477,0.9999902
1478,0.21177398
1479,0.97714305
1480,0.9459282
1481,0.04930441
1482,0.062298857
1483,0.87292475
1484,0.98303694
1485,0.0034469261
1486,0.5464824
1487,0.5567779
1488,0.05062067
1489,0.22042245
1490,0.82267064
1491,0.93331724
1492,0.99999857
1493,0.9972205
1494,0.6999898
1495,0.5815399
1496,0.8750588
1497,0.44998425
1498,0.8640104
1499,0.15085618
1500,0.44667146
1501,0.86237836
1502,0.81596845
1503,0.6267728
1504,0.29048964
1505,0.551625
1506,0.959552
1507,0.58596057
1508,0.99864215
1509,0.50462335
1510,0.7088311
1511,0.9629575
1512,0.88694614
1513,0.10294336
1514,0.9958615
1515,0.9999025
1516,0.55013305
1517,0.5352581
1518,0.999984
1519,0.71443254
1520,0.8142604
1521,0.17580017
1522,0.8766859
1523,0.9776944
1524,0.9978224
1525,0.040038653
1526,0.9562447
1527,0.73973376
1528,0.9982667
1529,0.9973527
1530,0.82729226
1531,0.98099923
1532,0.9938956
1533,0.53577673
1534,0.91961986
1535,0.13995042
1536,0.9993957
1537,0.838872
1538,0.9997254
1539,0.87155443
1540,0.82641155
1541,0.33782184
1542,0.770468
1543,0.9999312
1544,0.98505026
1545,0.07722849
1546,0.9999933
1547,0.93628615
1548,0.983748
1549,0.9555719
1550,0.76931447
1551,0.026864637
1552,0.98876023
1553,0.9892436
1554,0.23491216
1555,0.70310444
1556,0.008802235
1557,0.08455227
1558,0.9994856
1559,0.4606586
1560,0.08304613
1561,0.44827837
1562,0.9998665
1563,0.29945138
1564,0.76846033
1565,0.4547098
1566,0.21080333
1567,0.9046553
1568,0.30227864
1569,0.98154837
1570,0.8722294
1571,0.58397496
1572,0.51897424
1573,0.9855097
1574,0.97229296
1575,0.997077
1576,0.5228296
1577,0.55301785
1578,0.8418693
1579,0.9046026
1580,0.46269718
1581,0.035510812
1582,0.0039189407
1583,0.07177343
1584,0.9598249
1585,0.9894845
1586,0.5341582
1587,0.97057813
1588,0.47483835
1589,0.7671952
1590,0.89871013
1591,0.474753
1592,0.98821056
1593,0.83158714
1594,0.9965268
1595,0.93294257
1596,0.019429548
1597,0.82663774
1598,0.16832674
1599,0.6523894
1600,0.7738832
1601,0.9976761
1602,0.53201956
1603,0.9046136
1604,0.9981852
1605,0.73031384
1606,0.3543677
1607,0.93842614
1608,0.1487682
1609,0.99794227
1610,0.045348268
1611,0.01435591
1612,0.60595685
1613,0.9973694
1614,0.9984332
1615,0.19896734
1616,0.6707086
1617,0.9968733
1618,0.22844696
1619,0.020929214
1620,0.9995988
1621,0.9999871
1622,0.66222686
1623,0.9955318
1624,0.027209958
1625,0.003831324
1626,0.04482252
1627,0.9974101
1628,0.8414292
1629,0.78707135
1630,0.0844832
1631,0.05542005
1632,0.91563076
1633,0.99896944
1634,0.05932473
1635,0.5964835
1636,0.6142518
1637,0.9635066
1638,0.46504396
1639,0.9999864
1640,0.9624548
1641,0.826026
1642,0.99982387
1643,0.9969549
1644,0.35920122
1645,0.9731554
1646,0.8029328
1647,0.31990892
1648,0.8312129
1649,0.04675413
1650,0.9999999
1651,0.0005148548
1652,0.6900569
1653,0.5172043
1654,0.5563284
1655,0.62541074
1656,0.82472354
1657,0.9655276
1658,0.97700936
1659,0.3733125
1660,0.49768335
1661,0.9945334
1662,0.5214824
1663,0.8816923
1664,0.6629051
1665,0.04495242
1666,0.037540864
1667,0.43639618
1668,0.88919395
1669,0.8411715
1670,0.9365911
1671,0.067404866
1672,0.9958039
1673,0.92491966
1674,0.08335723
1675,0.598469
1676,0.6385596
1677,0.386756
1678,0.53913546
1679,0.93566656
1680,0.66854787
1681,0.8677696
1682,0.84972167
1683,0.99722433
1684,0.075975396
1685,0.99998
1686,0.10280431
1687,0.60731304
1688,0.03595134
1689,0.0011230417
1690,0.074992895
1691,0.8092835
1692,0.98840815
1693,0.8927725
1694,0.44819474
1695,0.99688894
1696,0.9537332
1697,0.99579585
1698,0.006330779
1699,0.1127384
1700,0.08156515
1701,0.8133592
1702,0.9999014
1703,0.9652184
1704,0.29974812
1705,0.9828966
1706,0.9993912
1707,0.24601772
1708,0.17391202
1709,0.09748815
1710,0.9162041
1711,0.051472086
1712,0.30273426
1713,0.49011904
1714,0.059015736
1715,0.9988438
1716,0.0021097611
1717,0.049498692
1718,0.1350862
1719,0.10580815
1720,0.12266369
1721,0.65761405
1722,0.27699032
1723,0.011145653
1724,0.008844078
1725,0.24979103
1726,0.0735785
1727,0.6634927
1728,0.13330977
1729,0.0017763441
1730,0.84984976
1731,0.48281792
1732,0.068038
1733,0.01756773
1734,0.86436045
1735,0.12154803
1736,0.6796909
1737,0.51813936
1738,0.99062586
1739,0.38280696
1740,0.6107378
1741,0.01395928
1742,0.4269369
1743,0.90613186
1744,0.99959534
1745,0.65627676
1746,0.8669685
1747,0.9999784
1748,0.88172543
1749,0.17788428
1750,0.63052344
1751,0.97962165
1752,0.9933113
1753,0.052601866
1754,0.99263155
1755,0.9999989
1756,0.6175691
1757,0.06237238
1758,0.050703526
1759,0.7638753
1760,0.94901043
1761,0.17446662
1762,0.002346242
1763,0.99999857
1764,0.28400663
1765,0.43604806
1766,0.9996705
1767,0.19258031
1768,0.86437774
1769,0.65893316
1770,0.99999654
1771,0.97576094
1772,0.9969248
1773,0.9964373
1774,0.089058064
1775,0.0044201384
1776,0.952131
1777,0.3018721
1778,0.9865066
1779,0.84793884
1780,0.7091796
1781,0.25918978
1782,0.40934005
1783,0.99435544
1784,0.9101925
1785,0.996336
1786,0.9662171
1787,0.82161504
1788,0.06934635
1789,0.3412109
1790,0.9378622
1791,0.15300529
1792,0.84817564
1793,0.0002058258
1794,0.38767564
1795,0.9981912
1796,0.8678033
1797,0.5348329
1798,0.73891866
1799,1.0
1800,0.46362013
1801,0.9999336
1802,0.71540993
1803,0.9994336
1804,0.9993944
1805,0.21165231
1806,0.8789382
1807,0.0019364487
1808,0.1904703
1809,0.6014259
1810,0.956533
1811,0.99361765
1812,0.20576213
1813,0.096110046
1814,0.77310675
1815,0.9924601
1816,0.003864428
1817,0.9923515
1818,0.092329666
1819,0.027905006
1820,0.8050366
1821,0.69753766
